longitude,latitude
-39.308965,-12.991082
-38.968889,-13.122222
-38.378496,-12.796697
-35.2325,-7.096389
-44.142384,-23.146046
-44.990816,-21.347
-42.941488,-20.423369
-46.686592,-23.333824
-43.006388,-20.596995
-44.610781,-23.300735
-39.001977,-15.107717
-38.005353,-11.879504
-39.09047,-14.103445
-39.012401,-16.365624
-51.961533,-21.256697
-42.872314,-20.233205
-35.581562,-9.282227
-34.820592,-7.605987
-36.276623,-10.11196
-35.869601,-9.79192
-36.365317,-9.568675
-36.448571,-9.539047
-35.735668,-9.443112
-39.105156,-15.176492
-44.139041,-19.907419
-41.468495,-20.678316
-36.610277,-10.345526
-38.888892,-15.90273
-45.038942,-23.362826
-47.370228,-21.932532
-42.508056,-19.857222
-50.773538,-23.722557
-34.976944,-6.502222
-43.833333,-20
-44.833411,-23.362283
-39.755,-16.568
-37.5125,-11.557778
-39.403908,-12.974384
-37.883333,-12.383333
-50.160757,-25.400374
-38.61917,-12.648907
-38.303611,-12.813611
-39.033333,-13.483333
-39.014316,-15.690736
-46.358407,-23.524784
-45.037306,-21.661881
-34.834031,-7.734425
-42.985222,-21.216722
-40.473599,-20.635557
-42.62044,-19.766923
-40.760292,-16.14217
-42.858776,-20.803501
-42.577457,-19.591131
-44.813812,-22.922649
-36.409542,-9.805081
-35.983247,-9.5995
-36.550342,-10.491211
-36.321606,-10.159258
-43.488688,-18.574101
-39.333333,-17.183333
-39.151667,-14.024444
-39.08502,-16.304296
-47.599031,-21.725323
-35.156944,-6.102222
-37.571094,-11.513091
-49.3163889,-20.7080556
-38.6,-12.95
-43.109821,-22.760151
-35.549169,-9.132778
-38.42,-12.951667
-43.137783,-19.799953
-42.438333,-19.513889
-38.733333,-12.433333
-39.516667,-12.933333
-35.50735,-8.714591
-48.416667,-23.45
-43.365,-20.284167
-48.644601,-24.697331
-36.581925,-10.287233
-38.114727,-11.925093
-47.523116,-23.585573
-49.628233,-21.02583
-35.174444,-8.648611
-35.345142,-8.57402
-47.193959,-23.283875
-34.984866,-8.316122
-35.134722,-6.604722
-37.702778,-11.619444
-50.866044,-23.589655
-43.599444,-18.574167
-40.793056,-14.848333
-43.497119,-18.483965
-44.100906,-21.488006
-48.585389,-23.710853
-43.559944,-18.927222
-51.338663,-20.398735
-47.202128,-23.107813
-45.095737,-22.720997
-35.856377,-8.694603
-35.806185,-9.337267
-36.231625,-9.740247
-39.156396,-13.776822
-40.473056,-20.059167
-35.414333,-8.697666
-39.266944,-14.47
-39.116667,-14.683333
-39.56169,-16.553624
-44.443475,-22.877868
-36.232211,-9.332981
-36.280919,-10.013889
-39.483038,-15.388716
-39.090103,-15.545786
-35.063056,-8.233778
-39.731944,-14.176389
-39.835278,-18.4325
-39.661222,-13.84725
-39.083333,-12.533333
-39.06666,-15.1
-35.196986,-8.823566
-36.434584,-10.315288
-42.780639,-15.814444
-49.819779,-21.457214
-35.7528,-9.665828
-44.70272,-21.468528
-39.0916,-16.5555
-39.114816,-16.479547
-44.868,-21.1
-44.180806,-21.087083
-46.722014,-23.503061
-44.937144,-21.438192
-43.63231,-20.369625
-37.889444,-11.768333
-42.594722,-19.221389
-34.898908,-6.905756
-45.833333,-21.116667
-42.7767,-19.8431
-43.808889,-20.168056
-44.366667,-21.25
-43.000423,-22.519818
-40.690445,-20.412259
-40.481944,-19.7475
-42.523889,-22.484722
-45.9375,-23.075
-42.831111,-22.378333
-41.9125,-21.823889
-42.831389,-22.629722
-49.445802,-28.372512
-48.7802778,-26.1002778
-43.001248,-22.45127
-39.2842,-14.6033
-48.699172,-25.54018
-48.690172,-25.624859
-48.6617,-26.9081
-49.4105556,-27.27
-44.070278,-21.890278
-49.5178,-27.0569
-43.383067,-21.726263
-43.895833,-22.5625
-40.826111,-19.874444
-45.541667,-23.594444
-42.609444,-22.419722
-40.703333,-20.563056
-46.310098,-22.919691
-47.015893,-23.686929
-51.667407,-25.482189
-42.722778,-22.329722
-46.326813,-22.857113
-52.26012,-24.32015
-51.253889,-25.372972
-43.1166667,-22.8833333
-49.283397,-25.658865
-49.32808,-25.208484
-48.87,-26.37
-50.5808334,-27.3591667
-52.170194,-25.951593
-48.550224,-27.719272
-50.58,-26.6408333
-50.7513889,-26.645
-48.8777778,-26.2366666
-48.463558,-25.291608
-47.879483,-24.603706
-49.59578,-25.14148
-49.957262,-29.062457
-51.029885,-26.219017
-48.666667,-25.250001
-49.157618,-25.419851
-48.69,-27.72
-49.136578,-27.903618
-50.691887,-26.968671
-49.766476,-29.084523
-49.3211111,-27.6313889
-49.4105556,-27.54
-49.9505556,-26.6402777
-52.2,-26.46
-51.12,-27.36
-49.86,-29.16
-52.456445,-28.293745
-50.188092,-25.116373
-48.985617,-25.505844
-51.6,-26.416667
-49.930278,-29.316944
-46.501111,-24.005
-44.703682,-22.372816
-50.895,-26.775
-51.411736,-23.527957
-50.43899,-27.258124
-48.781687,-28.480425
-50.240089,-25.194521
-47.254435,-23.833064
-50.255013,-24.246453
-52.375131,-24.056429
-50.022778,-29.178889
-48.602963,-25.903961
-53.100389,-25.691389
-50.412828,-26.179003
-48.69,-27.81
-53.2816667,-26.2822223
-51.9747223,-27.3138889
-51.1627778,-27.6333333
-53.586894,-27.085056
-49.4972222,-28.5291667
-50.5786111,-27.6319445
-44.603744,-21.984939
-48.6905555,-27
-51.454563,-29.176827
-50.331482,-25.856132
-50.361965,-28.881203
-48.715435,-25.442076
-43.499255,-19.917942
-43.527222,-20.463056
-44.682278,-21.590694
-43.785957,-21.30184
-48.66539,-26.363671
-46.7725,-23.663056
-44.871864,-22.53297
-49.100588,-25.225484
-44.9597,-23.0744
-48.8702778,-28.1694445
-43.592558,-20.038327
-47.118344,-23.530901
-52.816084,-23.88625
-51.358924,-23.291409
-51.204698,-23.317178
-51.174262,-22.981501
-48.818297,-24.696227
-46.907512,-23.018769
-53.408603,-23.86922
-53.843598,-25.155287
-47.014141,-22.967357
-46.935556,-23.230278
-47.431182,-21.850732
-46.40461,-23.190559
-47.47442,-22.357523
-48.641481,-23.805347
-54.3562,-25.5962
-48.924444,-21.223611
-45.854239,-22.954083
-45.334266,-23.845587
-48.6,-24.444444
-45.135981,-23.350391
-39.823694,-18.282278
-47.841574,-24.531603
-47.876943,-24.675832
-49.1758334,-26.5522222
-48.78,-26.0086111
-48.923964,-27.124971
-46.824167,-24.041111
-45.522847,-23.10806
-41.573124,-20.372027
-43.34816,-18.39868
-48.211126,-25.287659
-48.786207,-25.382713
-45.739264,-22.268598
-42.082,-16.918181
-45.117,-23.417
-44.7875,-23.303889
-40.510556,-19.823611
-44.811552,-21.53559
-45.698889,-23.637778
-40.774924,-19.797048
-40.8799,-20.4146
-40.981111,-19.741389
-39.408056,-15.202778
-42.478729,-20.714414
-44.624212,-21.476275
-43.666667,-20.666667
-39.468889,-13.447778
-46.743204,-23.986286
-47.242058,-24.545629
-48.869902,-25.928931
-49.4105556,-27.3605556
-45.8,-23.316667
-50.117472,-29.171141
-51.339345,-29.201715
-49.391944,-25.747222
-49.633333,-25.466667
-50.854669,-29.311825
-50.454084,-28.716379
-53.877087,-29.633345
-48.881678,-24.937913
-50.926111,-28.263333
-49.138977,-25.815208
-49.4108333,-27.6291667
-45.560394,-22.608784
-49.778416,-25.743561
-51.651381,-25.671285
-50.108583,-28.490111
-50.350576,-27.791303
-43.4042,-18.5578
-51.193207,-28.047098
-49.152078,-25.590038
-51.548523,-27.023077
-46.646181,-23.892913
-50.129444,-26.999444
-47.55,-22.566667
-48.961944,-25.888056
-44.660533,-22.764317
-48.954444,-26.039167
-49.5094444,-27.2822223
-44.566667,-22.416667
-48.7808334,-27.81
-49.0283334,-27.2644444
-48.844524,-25.232705
-45.654846,-22.684688
-40.8556,-19.8019
-39.163566,-14.264935
-39.4592,-13.8908
-43.828333,-22.803056
-43.982725,-20.710864
-45.407483,-20.455965
-43.978642,-20.196825
-43.778,-19.877
-44.80823,-22.359081
-41.808251,-20.548707
-42.562747,-22.204393
-46.7,-23.583333
-46.945445,-23.714883
-42.956954,-21.430238
-49.2243,-26.1502
-48.4,-24.3
-40.687075,-14.867597
-44.635556,-22.4375
-42.39,-22.41
-39.663333,-13.156111
-44.728081,-22.912411
-48.717856,-24.856149
-43.249763,-19.58372
-41.193212,-20.895144
-44.582222,-22.664722
-39.631389,-16.838611
-34.948442,-8.005063
-40.697222,-20.043333
-47.109603,-22.821541
-40.534722,-19.3325
-46.175321,-23.430883
-40.071,-19.3213
-39.5815229,-17.0363517
-43.318565,-21.746825
-43.291,-22.422
-44.745085,-21.992837
-48.7619444,-27.8788889
-48.87,-27.63
-48.6894444,-27.5402777
-43.894807,-20.087486
-34.941667,-7.941667
-34.808611,-7.470833
-34.855056,-7.367861
-35.671997,-9.587351
-40.766427,-19.479637
-47.431955,-22.019483
-51.780276,-20.97377
-38.030924,-12.576073
-38.983314,-14.108132
-35.142814,-6.389763
-36.049232,-8.985084
-35.250925,-8.971988
-39.371809,-12.915732
-39.358786,-17.116127
-38.6372,-12.784585
-40.070526,-19.153149
-41.033475,-20.071025
-46.392499,-23.450701
-37.853611,-12.151944
-35.156481,-7.04171
-49.493986,-21.403651
-38.930556,-13.943056
-39.045278,-13.694722
-37.6,-11.8
-50.223314,-24.909193
-39.920556,-18.850278
-49.65853,-24.203251
-46.741279,-23.372511
-40.409209,-20.591903
-38.433333,-12.133333
-45.465832,-23.184885
-41.812568,-19.729407
-40.647778,-19.022778
-38.993109,-15.359785
-39.29139,-17.802777
-36.076904,-9.78069
-38.483333,-12.5
-36.511489,-8.888694
-43.233333,-22.516667
-43.323234,-22.68022
-35.615143,-8.663584
-40.210771,-20.212469
-40.262999,-20.111442
-40.0722,-19.3911
-37.084583,-10.964444
-37.979444,-12.374444
-43.884444,-20.181944
-49.3925,-21.860278
-51.407222,-20.361111
-48.303611,-18.606389
-35.824439,-9.563328
-34.980118,-7.591641
-35.262222,-6.388889
-37.2081,-10.4583
-37.350139,-11.100917
-44.881846,-21.342355
-44.65,-22.633333
-43.193716,-20.378583
-50.225556,-24.13474
-37.19164,-10.5323
-49.566667,-20.866667
-44.466667,-19.883333
-45.020278,-21.753056
-49.393889,-21.391111
-47.0202,-23.1028
-34.985711,-7.706258
-35.723727,-8.860611
-35.608367,-9.491182
-47.168,-21.281
-37.148333,-10.688611
-43.560811,-22.595597
-43.2075,-22.9028
-40.327778,-20.426944
-45.17342,-23.491844
-43.439895,-20.336513
-38.359444,-12.065
-45.86817,-23.244839
-46.770772,-23.598555
-39.138239,-14.803816
-40.376944,-19.889444
-39.25,-16.5
-35.697958,-8.576858
-35.913415,-9.616854
-35.870639,-9.214444
-39.2803,-14.7858
-39.576198,-16.472607
-39.961104,-19.138966
-39.8589,-18.7161
-39.331389,-13.913889
-34.881111,-8.054167
-39.466667,-13.683333
-39.1814,-15.0684
-39.140614,-14.622056
-39.341667,-15.173611
-35.95,-9.255833
-39.207222,-17.019444
-35.888806,-8.801082
-35.531767,-9.23
-39.6325,-13.618889
-39.210827,-16.09722
-35.185833,-8.723056
-35.023611,-7.790833
-35.793898,-8.790555
-39.069167,-14.781944
-35.529981,-9.43466
-44.3527793884,-21.4727802277
-40.2664,-20.2667
-36.378889,-9.9425
-35.142056,-6.741861
-39.20924,-14.795947
-46.609226,-23.587045
-47.846843,-23.373602
-46.644319,-23.510765
-38.9439583,-13.6189611
-39.245,-17.614444
-48.115682,-18.791726
-38.666386,-13.001059
-35.822697,-9.5
-47.628492,-23.431664
-45.040636,-21.139632
-42.8075,-22.561389
-47.256819,-22.846742
-44.955546,-21.726831
-43.867648,-20.457641
-36.558841,-9.944949
-44.06562,-20.70469
-43.722613,-20.356864
-44.269138,-19.933904
-45.045556,-23.195833
-40.780556,-20.067222
-45.945278,-23.330333
-41.709618,-20.892169
-45.691551,-22.065743
-43,-21.7
-40.129,-14.411
-42.436111,-22.327222
-41.4131,-20.4642
-41.259795,-20.379686
-45.954444,-22.910833
-40.113093,-13.949583
-47.1,-23.966667
-49.680392,-27.180222
-46.196521,-23.498413
-41.688269,-20.62137
-47.550861,-24.027917
-44.566667,-22.25
-47.04905,-24.071539
-43.626918,-21.520777
-49.416881,-25.592561
-48.751111,-25.243889
-48.576588,-27.172676
-50.612879,-23.924901
-52.312389,-24.107694
-53.639972,-25.056361
-51.845306,-25.930167
-51.555,-24.970444
-52.573889,-24.505389
-49.413611,-24.566944
-51.593056,-26.305833
-45.539482,-22.71112
-49.0977777,-26.2238889
-50.7616667,-27.4508333
-50.9408333,-27.4494444
-52.1997222,-26.9997222
-52.5641667,-26.4605556
-49.799981,-29.232543
-49.217649,-25.295569
-48.669111,-27.232866
-46.1447,-22.7553
-50.902716,-24.193433
-49.3388889,-26.6036111
-50.31,-26.73
-50.6744445,-26.8197223
-50.5802778,-26.3813889
-51.188611,-27.930278
-53.520689,-26.755259
-49.0553,-25.3058
-54.348919,-24.852192
-49.053033,-25.439593
-49.541704,-25.689504
-48.55768,-25.247709
-50.64097,-28.65425
-45.936667,-22.713889
-49.7380555,-27.5936111
-50.694928,-24.393714
-51.0147,-26.7756
-49.8053,-26.1117
-49.3208334,-28.8902777
-50.94,-27.36
-49.5,-28.62
-49.48239,-25.33061
-44.252123,-21.141217
-45.299991,-22.599987
-49.280742,-25.560345
-50.959388,-25.296854
-52.4246,-25.405952
-49.2127778,-27.1180556
-43.397161,-23.010952
-51.403674,-28.995914
-50.294185,-24.859051
-47.695034,-23.810087
-45.457835,-22.723727
-48.828772,-25.488073
-47.742222,-24.815
-50.535834,-27.286346
-50.573975,-29.455204
-52.498968,-23.950358
-46.772455,-23.899916
-52.87,-26.38
-45.415708,-23.818425
-48.499985,-27.539248
-48.8697223,-27.0055556
-51.1172223,-27.7169445
-48.78,-27.72
-51.9302778,-26.64
-46.611333,-21.7762
-44.316742,-22.031884
-50.448494,-29.649408
-46.545919,-23.498924
-47.571972,-24.703788
-50.94,-27.63
-51.3880555,-27.2697223
-49.4088889,-28.6219445
-49.2322223,-28.6191667
-49.375,-28.01
-50.0394444,-27.5402777
-51.548158,-26.166868
-50.823585,-28.898788
-44.611772,-21.327271
-43.696389,-20.488889
-43.657778,-20.109167
-43.38891,-18.621946
-46.783333,-24.166667
-48.952519,-26.804488
-48.236861,-25.46975
-48.637505,-25.959361
-45.37,-23.41
-49.134583,-27.026611
-47.009199,-24.345705
-47.078842,-24.38048
-49.4119444,-28.2597222
-48.87,-28.44
-43.539831,-20.377683
-47.538922,-22.672564
-53.087069,-23.767614
-46.723192,-20.88823
-50.597634,-24.326798
-49.1894444,-26.9197223
-47.348864,-23.121553
-44.791858,-22.548802
-45.333333,-22.488889
-52.225673,-26.325994
-52.479831,-25.353569
-53.07371,-25.772545
-51.140521,-23.346714
-49.2705556,-26.9502778
-51.968742,-23.010798
-52.106533,-23.929926
-51.95,-23.916667
-46.974722,-23.036111
-41.929444,-21.519444
-49.378,-23.391
-43.524444,-22.483889
-43.888805,-22.011409
-40.3215,-19.5803
-44.734722,-23.182222
-43.466667,-22.566667
-46.535688,-23.691503
-48.806349,-27.551462
-47.850833,-24.879444
-43.483333,-21.933333
-47.783123,-24.641688
-46.415299,-23.806305
-47.9267,-25.0147
-47.966514,-25.140513
-49.77,-26.8216667
-46.39872,-23.996543
-48.6163886,-26.1172
-45.05,-21.6
-48.598722,-25.694167
-42.586478,-22.353674
-47.931405,-25.078091
-49.4286111,-26.7855555
-48.7766667,-26.5480555
-43.275432,-22.925745
-49.049167,-27.179722
-39.5361,-14.7703
-41.474106,-20.36322
-40.862,-20.292
-44.781667,-22.455556
-46.883611,-23.640833
-40.859722,-19.992778
-41.115278,-18.921111
-40.614444,-20.173056
-41.203889,-21.3425
-43.953837,-20.262654
-40.6075,-19.931389
-49.007763,-27.548645
-48.705664,-27.610669
-42.9125,-22.48222222
-44.5633010864258,-22.4960994720459
-42.5311012268066,-22.2819004058838
-47.994149,-25.210336
-46.489917,-23.743611
-46,-23.5833333
-45.848812,-23.570167
-46.679032,-23.729205
-49.0416666,-26.5336111
-48.670767,-26.071833
-49.0486111,-26.3697223
-49.027896,-27.056024
-52.833846,-29.660785
-49.633333,-24.133333
-49.236765,-25.442363
-49.3049,-25.4169
-45.1761,-22.6136
-49.969159,-25.172096
-51.1219445,-27.8108333
-50.4,-26.64
-49.808659,-25.551418
-51.191053,-26.074497
-46.509216,-23.811916
-51.09141,-29.106536
-49.026,-25.059
-50.390567,-29.423391
-51.757822,-26.577875
-49.3791667,-26.4219445
-49.883208,-27.766879
-48.87,-27.45
-49.8583333,-26.4594444
-49.9975,-25.2527778
-49.699092,-25.779965
-50.983124,-29.067645
-50.982906,-28.875337
-51.156076,-29.141
-45.076565,-22.465227
-48.87106,-26.819808
-49.0047,-25.3878
-49.148214,-27.683639
-49.2494444,-26.2213889
-49.14,-27.4497222
-39.603333,-14.705833
-39.216667,-14.416667
-45.273992,-21.697788
-43.689722,-20.048056
-44.765255,-21.152429
-43.076211,-22.475742
-40.682509,-16.201495
-41.865853,-17.450429
-46.679136,-22.62171
-50.2177778,-27.1825
-46.395975,-23.053218
-44.985425,-23.239583
-48.082059,-24.232154
-47.237619,-23.662734
-44.333088,-22.257226
-43.152356,-22.513021
-40.793333,-19.187222
-40.888889,-20.629444
-41.583333,-19.25
-43.58996,-19.956914
-45.297825,-23.23744
-44.878916,-22.462827
-44.981667,-22.462778
-49.072474,-24.884437
-41.220908,-20.718568
-34.940202,-7.793488
-44.310833,-22.343611
-45.638467,-22.606944
-42.346111,-22.532222
-43.354824,-21.98117
-40.812778,-18.871389
-42.275807,-22.511078
-41.591115,-20.634074
-39.711,-13.578
-35.899683,-8.955641
-42.331912,-21.039543
-40.7575,-19.973611
-41.509996,-20.971138
-42.85,-19.766668
-40.643377,-19.735167
-44.576667,-21.603889
-41.736111,-20.394444
-49.037993,-24.983668
-49.3666667,-27.0502778
-46.730278,-23.836111
-44.891667,-22.390556
-44.466308,-22.163838
-48.6902777,-27.3613889
-45.771389,-23.544167
-43.816944,-20.878056
-47.029581,-23.783278
-47.508056,-23.976257
-49.14,-27.27
-48.78,-28.08
-34.863056,-7.115
-42.567043,-19.715495
-45.416667,-20.216667
-34.9075,-7.26
-39.062855,-13.33704
-39.329646,-13.308607
-35.102563,-6.796356
-41.943889,-21.963333
-36.313219,-9.783164
-39.22622,-15.480955
-37.274072,-11.292319
-34.961874,-8.071444
-34.825912,-7.19433
-47.540528,-22.410462
-51.707251,-20.825208
-39.65,-13.083333
-41.370413,-20.711783
-36.836718,-10.695219
-38.299147,-12.530499
-43.304003,-22.555355
-40.546389,-20.123056
-40.4306,-13.4411
-35.066548,-6.224603
-37.253,-10.4107
-37.448333,-11.350833
-37.206389,-11.014722
-35.1988889,-5.9280556
-45.074064,-23.539998
-48.9909,-24.6573
-40.617311,-20.814728
-38.5,-12.966667
-39.383333,-15.966667
-39.133333,-13.716667
-39.156111,-13.877222
-48.746412,-25.311203
-50.147151,-24.685415
-46.583758,-23.331755
-42.610375,-21.930898
-37.733333,-12.01
-42.486,-19.753
-36.642361,-10.009722
-38.726024,-12.585133
-34.980305,-6.649817
-35.073805,-8.647685
-40.573917,-20.721667
-37.405556,-10.826111
-42.271479,-22.581967
-35.896731,-9.709714
-36.476217,-9.922986
-35.9592,-9.193056
-48.675326,-25.319185
-39.475544,-12.854008
-43.217387,-22.807188
-43.309249,-21.869348
-43.415316,-20.23367
-35.301989,-8.633458
-35.045871,-7.55745
-48.4251,-18.585364
-35.245833,-5.873611
-35.28,-8.82
-35.1,-7.92
-37.4348,-11.2731
-44.274722,-21.875833
-40.600349,-20.389054
-34.944991,-8.175808
-44.419566,-22.477181
-35.824225,-9.408531
-37.5,-11.3
-47,-23.269783
-39.254167,-17.215014
-44.110833,-19.98
-45.247141,-23.547916
-43.470181,-22.784918
-35.996433,-9.850758
-36.950873,-10.58368
-43.44164,-20.412972
-45.602016,-22.752333
-35.71633,-8.490026
-37.734722,-11.771389
-39.569889,-13.742278
-34.873729,-7.93136
-39.138,-14.518
-36.313333,-9.623056
-39.703334,-18.42089
-38.985179,-14.291026
-35.017432,-7.945131
-34.998,-7.848583
-40.3378,-20.3194
-39.181667,-17.101111
-47.169767,-22.922308
-39.01555,-14.23
-45.850355,-21.420565
-41.082534,-16.410362
-39.0617,-14.4231
-43.6536102295,-18.6397190094
-35.23,-6.08
-45.88,-23.1703
-55.320619,-23.118472
-43.2485756,-19.9480039
-47.397904,-22.084451
-44.716135,-21.297508
-42.608521,-22.588381
-35.082511,-6.967619
-41.858333,-21.936944
-35.786727,-9.240635
-36.240629,-9.423
-36.351564,-9.220394
-39.333333,-14.133333
-40.320206,-19.808468
-39.193063,-14.706123
-39.181026,-16.368949
-40.228617,-19.027089
-39.058982,-14.605634
-38.468992,-12.422998
-39.754444,-17.735278
-39.624694,-13.931667
-36.302306,-9.3375
-39.066667,-15.283333
-39.975238,-13.504396
-39.243637,-15.151378
-42.056723,-22.426752
-35.154246,-8.563351
-36.106472,-9.027
-40.460436,-20.374888
-35.545237,-8.230664
-39.689091,-13.518442
-38.461105,-12.892902
-39.415,-16.867222
-40.57472,-15.26444
-35.178495,-8.059292
-35.247801,-7.412178
-39.147222,-16.606389
-48.182916,-18.65077
-43.028557,-22.578562
-42.083333,-22.2
-39.1387939,-16.4206361
-44.870703,-21.963635
-47.484992,-23.39414
-39.062938,-14.852912
-43.045,-18.134722
-43.395556,-19.836667
-44.009913,-20.033023
-47.495325,-23.26965
-53.654819,-22.917324
-37.3430555556,-10.7538888889
-37.051389,-10.519472
-38.316667,-12.683333
-37.301767,-11.215237
-44.087933,-21.057856
-43.916844,-19.893565
-45.478333,-21.116111
-44.683972,-23.281867
-40.596389,-20.054167
-40.683611,-19.931111
-42.21,-22.32
-40.925804,-20.176442
-47.092482,-23.714883
-44.36088,-22.78053
-43.0406,-22.6531
-48.957748,-26.211797
-39.602222,-13.03
-40.525,-20.267778
-49.31727,-24.705662
-48.598465,-27.365584
-48.506147,-24.753438
-39.5653,-15.3917
-48.7786111,-26.8225
-49.421389,-28.136944
-43.864207,-22.691518
-51.254608,-23.445185
-41.085833,-20.381111
-48.96,-27.4497222
-39.3342,-15.4294
-43.805046,-21.909575
-46.381111,-21.952778
-49.499973,-28.009949
-52.264237,-27.635478
-49.316667,-28.683333
-49.001298,-27.688085
-49.240056,-25.18425
-51.748917,-24.780389
-48.2977,-25.1752
-53.444247,-24.958601
-48.546296,-25.82127
-48.69,-26.46
-48.9619444,-26.28
-50.1325,-27.275
-50.302056,-26.217659
-49.508429,-25.441828
-44.286071,-23.177469
-42.015,-21.961944
-50.2336111,-27.3611111
-49.59,-27.81
-51.201667,-25.303056
-50.05,-25.35
-49.238125,-25.913527
-49.979662,-29.399172
-48.6163889,-26.8019444
-51.278964,-23.300131
-50.0380555,-27.0922222
-49.5005556,-27.6302778
-48.78,-28.26
-49.5002778,-26.9102778
-51.4767,-25.6686
-44.301639,-20.128026
-47.624078,-24.309491
-46.719933,-21.945538
-48.679141,-26.252549
-51.156767,-29.264193
-48.809444,-26.442417
-45.44808,-22.80463
-48.579182,-25.553525
-46.386111,-22.888889
-46.564722,-21.838889
-44.6525,-22.245
-50.870995,-29.379838
-48.8456,-26.3044
-51.215278,-28.148889
-49.2147222,-26.2947222
-49.0719445,-26.9213889
-52.750583,-23.921861
-52.431944,-24.005833
-51.194884,-23.909364
-48.7802778,-26.9997222
-48.69,-27.45
-51.4825,-26.8180556
-45.739187,-22.688701
-50.895,-27.9902777
-49.5886111,-28.7080556
-50.67,-28.2602778
-51.0338889,-27.8519444
-50.13,-27.5408333
-46.264506,-21.411554
-51.338611,-29.276126
-50.681022,-25.241012
-49.95251,-29.159487
-52.895625,-27.524146
-48.326694,-25.294518
-43.71107,-20.55535
-43.902718,-21.713469
-41.829139,-20.481247
-43.420983,-18.912313
-43.37722,-20.384715
-43.855278,-20.741667
-48.504667,-27.778979
-46.896558,-24.246741
-50.2202778,-26.91
-49.3936111,-27.1802778
-49.03268,-26.192699
-48.303838,-25.558677
-48.78,-27.99
-43.315089,-18.456893
-44.999444,-21.245278
-43.429604,-19.063374
-46.986549,-22.825058
-51.167007,-23.171261
-49.3597222,-26.9286111
-51.45555,-23.424138
-53.346329,-23.228096
-52.859444,-22.618333
-54.425,-25.625
-51.967563,-23.435587
-44.128656,-22.736562
-53.633,-24.667
-50.996347,-23.600786
-50.566585,-23.161861
-45.431056,-22.960203
-50.972589,-23.304912
-46.967118,-22.896589
-49.2766667,-26.3630556
-53.401,-25.3003
-50.969155,-23.529978
-54.277384,-22.484054
-47.0608,-22.9056
-46.781467,-23.739563
-48.015183,-25.089404
-47.926389,-24.183611
-49.2683334,-27.0475
-49.269542,-24.826202
-40.319806,-20.157849
-45.553056,-23.759722
-48.52,-25.7
-48.3186,-25.4689
-47.649444,-24.708889
-42.511621,-22.400861
-41.148609,-20.299204
-48.649713,-24.550199
-39.021944,-13.172778
-48.705023,-27.969487
-49.1369444,-27.3605556
-43.4153,-19.9594
-44.903174,-21.158212
-39.047382,-13.558721
-49.3205556,-27.1802778
-43.589333,-18.674111
-39.833333,-16.5
-40.545564,-19.888659
-43.133333,-18.1
-43.5081,-20.2878
-43.296111,-22.4875
-45.623889,-23.703333
-48.407778,-24.634722
-43.626944,-20.522222
-40.054444,-16.406389
-48.426232,-25.17565
-44.00748,-21.156491
-43.023611,-22.757222
-44.3180999755859,-23.0067005157471
-48.820226,-25.573873
-47.993333,-24.538889
-48.004281,-24.062487
-48.554339,-25.017944
-49.158989,-26.735425
-45.438721,-23.600818
-46.774722,-23.454167
-49.635556,-28.084722
-49.728889,-25.526389
-50.923063,-27.018449
-50.835895,-24.650194
-49.519722,-28.077778
-50.634914,-29.0975
-49.710571,-25.458331
-49.829143,-25.61983
-48.390037,-25.593568
-50.129089,-25.037172
-48.8719445,-27.8983333
-51.2122222,-27.7233334
-49.5905555,-26.6402777
-47.714531,-24.187247
-49.375176,-25.423409
-50.34077,-28.02098
-49.811111,-25.374639
-51.04391,-25.471479
-51.157839,-26.482259
-51.815028,-29.600087
-49.833333,-25.300833
-48.918672,-25.439322
-49.118361,-24.311533
-50.282361,-25.287974
-44.666667,-22.066667
-44.813611,-23.139722
-45.264444,-23.439167
-40.531545,-19.969888
-41.843247,-20.419667
-46.445117,-20.929116
-46.458592,-21.805578
-45.927027,-21.381975
-43.678611,-18.751111
-44.881944,-21.274722
-41.399999,-20.3
-44.605825,-22.869713
-46.637861,-23.417031
-46.325406,-23.585001
-47.201695,-23.942839
-44.199386,-21.936005
-43.879087,-21.645311
-43.40808,-21.647895
-43.366954,-21.79311
-40.868611,-19.169167
-43.850549,-20.237823
-44.216667,-21.333333
-45.266945,-22.526945
-44.616103,-22.345835
-41.1847,-20.6036
-44.164444,-22.903333
-34.874259,-7.82827
-41.0875,-20.519444
-41.755278,-20.4925
-40.174552,-19.924642
-40.464093,-19.278933
-42.614861,-21.517389
-46.671789,-22.695449
-42.033356,-20.766768
-45.769265,-21.559268
-42.834167,-22.458056
-44.7126,-22.5246
-49.357,-23.009
-40.4524,-20.293
-43.051517,-21.532852
-45.866667,-23.633333
-46.4097,-23.71
-40.472222,-19.914167
-42.258601,-20.73002
-40.9583,-20.2854
-40.996667,-20.387745
-39.880556,-13.328889
-47.021214,-24.177086
-46.621883,-23.654505
-49.5886111,-26.9119444
-44.107295,-22.137435
-42.689167,-22.267778
-43.912334,-20.005994
-48.8713889,-27.7188889
-43.695842,-21.801519
-49.298889,-28.285278
-47.5844444,-15.1844444
-64.12,4.45
-61.49055,-13.72277
-68.912844,-12.951867
-46.836857,-18.111212
-41.143056,-12.34
-67.41666,6.41666
-57.00362,-19.451855
-60.729085,-17.77189
-60.040379,-12.937051
-48.158864,-22.657802
-66.937636,2.669895
-78.486923,-3.406097
-88.346603,16.905385
-47.78238,-22.188603
-51.851332,-20.064783
-64.699902,-9.32963
-48.514477,-0.70849
-47.903758,-22.29307
-49.286086,-8.23704
-44.603048,-12.233633
-45.226202,-7.575054
-39.43779,-7.20475
-48.206051,-10.683241
-77.2116,-6.048306
-64.983196,-9.700136
-59.103139,2.84348
-61.05844,5.808981
-57.506577,1.838266
-49.137753,-23.910634
-56.147157,1.2479
-55.170891,4.943112
-39.055138,-7.417338
-52.326646,4.736438
-66.155728,-12.231806
-46.77572,-0.970366
-71.845436,8.808251
-53.33,4.6
-50.183278,-10.923526
-49.6397,-20.6203
-76.413796,3.733857
-44.356856,-18.236474
-55.73,-15.43
-49.066667,-11.733333
-52.265981,-15.910931
-42.492852,-8.774322
-46.133592,-20.643368
-55.433056,-10.885833
-48.66,-10.19
-46.974598,-18.75575
-48.96,-9.18
-47.871914,-22.196058
-49.082778,-8.807778
-47.497222,-10.705833
-46.5158333,-10.4147222
-36.967778,-8.445278
-60.916667,-14.55
-40.762427,-11.216089
-48.245278,-19.013611
-43.493982,-16.883925
-51.020265,-1.851133
-41.377108,-13.006676
-47.942795,-19.735122
-41.766667,-13.383333
-68.75,6.16666
-67.3666667,3.6666667
-48.9407,-20.0248
-44.016608,-16.435519
-41.308,-12.303
-38.8125,-4.213611
-48.416667,-22.75
-80.7147,22.2594
-80.1856,21.9919
-68.007337,-15.578954
-42.188917,-11.58245
-40.523333,-11.452222
-39.016667,-16.266667
-54.530978,-1.493179
-42.892195,-16.589533
-60.1333,4.98333
-47.9166667,-16.8
-52.9,4.33
-65.71,3.8
-49.85311,-15.9333
-52.11835,-14.606849
-52.566667,-13.2
-51.77,-17.32
-47.73004,-15.7833
-59.871444,-13.185981
-53.344444,-13.202778
-59.25,2.16
-70.623637,19.002008
-47.531756,-14.036646
-46.62,-5.940003
-84.3014,9.90409
-53.444522,-17.717116
-51.616667,-17.714722
-49.080278,-24.073333
-60.9791667,5.125
-67.38285,-10.081997
-47.765836,-1.675947
-56.056143,-13.837784
-47.433333,-20.216667
-45.75,-13
-39.118333,-7.459722
-47.45192,-20.121554
-47.334303,-21.096232
-66.7,4.266667
-91.15087,16.855101
-44.639078,-8.865694
-39.5325,-7.216389
-47.584564,-21.45576
-47.712044,-15.606744
-48.423611,-15.674444
-46.002778,-15.364722
-66.13,5.75
-62.855381,6.265457
-67.45,5.55
-52.2975,-9.744444
-61.618062,6.708878
-55.097108,-20.735708
-63.23333,-17.56666
-63.6666667,-17.3833333
-56.5666667,-22.8
-56.499803,-23.437074
-41.106863,-4.284444
-51.811447,3.89474
-52.45,4.83
-52.5817,-1.5233
-48.96188,-16.240105
-51.866667,-12.9
-47.870803,-15.578919
-52.292222,-17.135833
-47.589444,-11.074167
-53.4116667,-18.1583333
-60.73722,-14.52111
-52.9925,-18.4011111
-78.7386,-5.1606
-49.306385,-8.336805
-50.525891,-8.961103
-54.723732,-20.447302
-53.425302,-19.753065
-65.2821538,-9.7949164
-48.23,-16.03
-50.5,-10.5
-47.466667,-6.833333
-53.96666,-19.5
-83.4833,13.925
-44.341839,-2.577203
-51.443371,0.701031
-51.766667,-12.816667
-48.737824,-15.76124
-60.9883,-1.4822
-51.546413,-17.150894
-48.093611,-12.586389
-47.686389,-13.240556
-46.794444,-12.2475
-48.500278,-8.956111
-48.159444,-10.279722
-45.868033,-8.737817
-40.265833,-10.242778
-46.644167,-8.332778
-63.5166667,9.75
-47.781206,-21.773063
-63.236779,0.2457325
-48.9528,-16.3269
-52.600798,-0.881233
-45.2369,-15.4958
-46.75,-13
-52.083093,-18.450561
-63.366667,0.7
-57.671566,-19.208706
-49.851653,-6.529972
-48.284145,-10.237765
-67.78,-16.22
-51.995278,-18.439444
-56.808076,-14.839872
-56.3,-14.17
-56.5416984558105,-12.7849998474121
-56.466667,-12.816667
-56.5,-13.85
-55.066667,-15.016667
-47.862671,-15.915273
-52.573889,-18.428333
-82.450044,8.776714
-61.239236,7.563322
-48.868,-22.651
-48.744864,-23.160442
-47.42,-7.13
-47.665622,-8.433857
-47.7,-9.18
-48.314398,-19.000677
-65.988997,-11.010648
-66.4,1.416667
-48.023889,-18.655278
-75.8619444,5.9802778
-43.889665,-19.800495
-48.026944,-13.364444
-83.333487,14.099408
-76.534022,-8.105552
-59.774444,-14.635861
-59.704139,-14.695111
-60.16666,-12.83333
-69.778506,4.433985
-64.75,3.26667
-42.505278,-14.088611
-41.6,-13.15
-41.333333,-10.333333
-41.9,-13.533333
-50.061356,-16.031259
-55.91975,-1.442652
-43.083333,-16.75
-48.562778,-6.169444
-44.900824,-17.361106
-54.967818,-8.825431
-41.5,-12.433333
-49.292092,-14.198176
-56.487881,-2.063975
-41.423611,-13.160556
-61.2114,5.39944
-75.25305,-10.34055
-75.10583,-10.44555
-62.824417,-8.035028
-55.2167,4.88333
-79.010493,-4.514965
-59.937223,-3.085244
-61.133333,1.75
-60.86666,-14.26666
-53.06667,4.85
-53.16666,5
-59.1667,2.05
-61.333333,3.366667
-60.798,-3.045
-68.735281,-11.267088
-51.773575,1.576048
-57.995808,5.364139
-60.178431,-3.264106
-60.19969,1.122796
-71.49692,-13.02753
-61.525637,-4.939886
-60.029348,-2.601241
-73.88302,2.50896
-48.433113,-1.442873
-60.50916,-2.48361
-59.85071,-3.06021
-75.55,-10.1
-72.02,-3.3
-59.733333,-1.983333
-56.375193,-4.349866
-58.7269878,-2.3065914
-78.27388,-3.11361
-52.283333,-12.816667
-44.391111,-17.6575
-47.83425,-15.983285
-58.25,5.53333
-62.2833,8.46667
-47.376974,-21.046849
-47.0685,-22.6294
-57.65,-19.016667
-56.0767,-15.8658
-55.094421,-15.899607
-45.8816667,-14.7116667
-48.283459,-18.526441
-44.895367,-20.181414
-48.021748,-16.507177
-47.340697,-7.374044
-51.8103,-16.9567
-60.058639,2.48175
-59.672396,3.741378
-46.708596,-19.842629
-44.223413,-17.349995
-59.68362,-10.432716
-60.58,2.83
-47.604525,-16.72087
-44.051404,-17.577599
-58.8278,1.53056
-61.1167,6.71667
-38.933056,-4.296944
-59.9483,7.69833
-59.9625,7.82833
-59.65708,5.06622
-60.1833,7.43333
-48.312662,-1.192803
-59.7075,7.37611
-53.251667,-13.15
-54.4667,2.21667
-64.699944,-3.396369
-56.065736,-1.180884
-59,-6.83333
-55.8658,-1.7658
-67.272252,0.029737
-57.047637,-1.086755
-66.101124,-2.52207
-55.788711,-5.648425
-55.1364,-3.09
-59.940904,-2.964358
-72.648236,-7.631054
-73.3675,-12.7339
-60.9881,-1.4108
-61.927222,1.098889
-61.851,-0.97
-60.083333,-2.316667
-52.5,3.18333
-52.450184,-0.912692
-58.66,1.58
-54.996748,-2.710765
-54.301699,-2.810856
-58.7839,1.35611
-63.9039,-8.76195
-51.62,0.18
-76.8935,3.59997
-75.8933,1.61333
-72.118215,7.587902
-76.340592,-0.131031
-55.447913,-1.898814
-61.741388,0.3225
-59.4,3.166667
-44.254664,-2.564458
-62.545778,1.177111
-54.038015,5.463418
-68.73694,-12.65638
-51.666667,-20.25
-48.387402,-19.171123
-43.968593,-19.757779
-65.45,3.183333
-67.85,-16.2
-40.2,-10.366667
-44.887797,-8.689462
-72.4233334,5.2922222
-47.933072,-22.035541
-47.9966,-16.5963
-62.72,6.25
-59.9758,5.38472
-40.248611,-10.517222
-54.9328,-10.0575
-67.0411,3.95889
-67.41666,5.85
-47.116667,-22.183333
-55.31,-11.115556
-47.966667,-15.516667
-43.755556,-18.556389
-47.866667,-8.833333
-49.811425,-16.03879
-63.05213,-7.531411
-46.951321,-22.451339
-48.285427,-18.875284
-45.942222,-14.776389
-47.155015,-22.294202
-50.215,-16.1269
-55.930278,-9.597222
-49.56852,-20.593388
-51.728187,-12.334282
-49.873514,-24.072618
-48.24446,-17.326876
-48.213612,-18.86531
-59.4833,3.38333
-61.333333,3.3
-60.79834,3.04509
-59.4167,2.83333
-73.035785,6.942517
-47.753224,-21.108827
-45.60028,-11.89304
-74.981885,6.020247
-61.93072,-11.201529
-50.126595,-18.869482
-68.158363,-12.6908
-46.143722,-14.473387
-61.330818,2.997267
-72.592998,-12.774655
-66.648751,-14.877714
-39.440688,-7.285037
-49.274171,-1.306256
-45.493333,-11.118611
-74.710592,3.544352
-60.879167,2.9925
-48.2,-15.7
-59.346409,-14.766173
-61.1558676,2.7613911
-46.49853,-16.492884
-73.635,4.1533333
-73.216689,4.233472
-49.583056,-0.983056
-49.460247,-0.959724
-61.41666,3.36666
-51.45,-18.91666
-49.411031,-16.530977
-48.220272,-21.804685
-45.883333,-6.616667
-60.823392,3.117763
-67.61705,5.391656
-56.097087,-5.131321
-46.25,-19.333333
-51.846111,-15.894444
-74.38,-10.75
-56.24,-10.37
-54.466667,-10.416667
-59.108482,-11.657553
-50,-16.166667
-61.05,4.75
-59.25,2.5
-51.233333,-10.166667
-49.5289,-11.7969
-48.53333,-17.7
-48.205774,-18.951119
-48.366667,-14.05
-66.67,-14.75
-56.021288,-16.703225
-60.107017,-4.446031
-75.228268,0.72304
-68.8493872,-3.4534506
-68.7822223,-14.5666667
-73.088935,-3.502549
-72.66666,-3.33333
-49.198611,-14.188056
-47.262296,-13.876836
-48.4233,-14.6983
-48.433056,-14.396667
-52.388056,-15.649167
-47.549656,-14.904591
-47,-14
-48.648999,-14.917791
-47.466667,-15.65
-46.23,-16.4
-46.383333,-16.666667
-46.5,-14.25
-48.088587,-15.688159
-47.816667,-15.866667
-46.642935,-11.815845
-48.464444,-13.925555
-50.557312,-13.039644
-63,-10.15
-53,-1.5
-72.896683,-7.604269
-60,-2
-54.028058,-1.95273
-69,-9.33333
-64.637222,-9.283056
-65.633333,-1.833333
-55.118137,-8.53238
-60.183333,2.416667
-64.123621,-7.463726
-55.681944,-10.995556
-56.5,-1.75
-61.359894,-4.800224
-62.649921,-2.255121
-60.075429,-1.885961
-71.940556,-9.105556
-71.14258,-10.06869
-47.6753533,-1.3224905
-65.0445,-0.752
-59.871967,-2.966021
-59.443027,-2.809537
-55.808943,-1.73033
-60,-12.21666
-55.75,-12.416667
-55.933333,-11.2
-54.538069,-13.079075
-68.8,-10.85
-53.291667,-13.618333
-57.674096,-3.386344
-61.016667,-12.216667
-55.711944,-11.623889
-55.048333,-11.873056
-60.0803661,-2.9078962
-65.66,-8.32
-56.716667,-12.366667
-56.629629,-13.12809
-52.189618,-12.621373
-63.21666,-9.08333
-60.316667,-2.75
-65.6897,-10.9397
-66.38,6.57
-65.83,-11.08
-76.5,-0.8
-74.2525,1.0844444
-76.363444,-6.534552
-92.027274,16.236873
-76.50472,7.24694
-53.685329,5.368633
-88.63,15.7
-76.21666,-0.95
-72.91666,-3.33333
-59.254167,0.737222
-64.878472,-9.629485
-73.46277,4.06138
-72.96666,-3.5
-74.90777,6.23666
-54.401724,-10.206387
-65.216667,2.95
-75.023015,8.053775
-76.53333,-0.51666
-45.788611,-15.363889
-45.588505,-9.281022
-40.633333,-11.165556
-48.266667,-16.333333
-41.65,-13.233333
-42.583333,-14.233333
-47.5913889,-15.5905555
-48,-17
-46.546005,-20.487518
-54.317471,-15.700369
-43.006944,-16.912778
-47.55,-15.533333
-52.75,-18.316667
-46.525805,-20.307364
-47.7239,-11.4877
-53.716667,-16.866667
-43.916667,-19.25
-47.601571,-7.340931
-42.557778,-14.553611
-44.18222,-17.75277
-41.833333,-13.516667
-48.167343,-10.164686
-40.397222,-10.753333
-53.006667,-16.844167
-48.348889,-15.484167
-43.062778,-16.474444
-45.478809,-20.445987
-41.834722,-13.595278
-48.8275,-15.781389
-46.716667,-8.633333
-48.95,-14.583333
-48.233333,-13.783333
-50.433333,-5.916667
-46.259722,-9.359722
-46.865995,-12.985588
-48.073499,-14.176855
-56.785278,-10.379722
-50.286458,-6.123479
-48.258611,-12.9425
-48.213888,-12.761388
-48,-14
-50.449948,-6.35546
-50.421667,-8.85856667
-51.128348,-9.996162
-54.667,-9.817
-54.85,-14.883333
-47.4583,-13.7975
-47.5247,-14.7056
-48.751153,-17.757049
-52.427778,-14.704444
-60.073889,-14.918333
-61.9161111111,-12.2780555556
-47.912121,-16.301583
-61.5,7.42
-48.833483,-15.850656
-48.240538,-7.291173
-43.1174,-16.3245
-47.5167,-13.7461
-46.8727,-17.2255
-47.566111,-11.22333
-46.890844,-17.984208
-47.768889,-14.138889
-46.943889,-13.738611
-43.918611,-19.710278
-49.160567,-10.465312
-50.726205,-11.629831
-56.586091,-12.636821
-54.967,-14.733
-61.382517,7.363591
-61.5,7.66667
-46.866667,-17.033333
-48.316667,-13.966667
-49.233333,-17.016667
-46.4775,-19.634444
-43.882778,-19.455278
-59.35,-10.2
-65.13574,-0.606924
-52.723614,-12.309302
-59.160362,-5.93909
-56.380353,-1.466318
-63.264887,-7.559556
-50.792952,-1.986802
-60.3200886,-2.5632024
-51.883333,-12.833333
-72.713708,-7.620937
-72.377433,-7.771292
-61.66666,-5.06666
-52.51286,-0.856924
-63.660432,-7.501607
-82.13,8.92
-78.319503,-5.070398
-61.4191,-4.85415
-62.244782,5.216286
-77.42,-1.57
-77.75,-5.83
-78.966497,-4.356999
-67.209444,3.969722
-60.2636,5.77667
-54.75,2.46667
-66.75,3.75
-64.13,-17.4
-76.2475,6.5389
-52.8667,2.23333
-73.473857,6.657164
-63.4604,-7.49792
-79.3441,-4.95333
-73.2622,-12.6808
-78.71,-5.22
-60.933333,4
-60.0304,-12.4419
-63.787222,-8.178333
-54.25,-1.91667
-61.147161,4.480566
-59.5167,3
-58.1167,5.36667
-57.95,5.71667
-59.4167,2.98333
-56.5,3.6
-60.359389,4.398972
-60.383333,-12.3
-51.09569,-0.04072
-61.0083,-13.55
-51.366667,0.733333
-54.9,-9.37
-60.203481,-3.193315
-61.1642,-4.4922
-65.75,3.67
-63.2154607,-7.836152
-57.204447,-15.63383
-65.045,-9.642222
-62.035796,-11.849938
-74.9685,-10.8831
-72.9192,-12.655
-59.5,-18.38
-43.678,-18.917
-48.080556,-23.523889
-50.15224,-24.54548
-49.736111,-24.352778
-54.715277,-25.069177
-56.251021,-26.616163
-56.64858,-25.772744
-57.009808,-26.016467
-55.159454,-27.516933
-54.100486,-26.630765
-43.530035,-18.369961
-44.2992744446,-17.7046661377
-41.338611,-12.803333
-43.616133,-18.146514
-42.816667,-16.6
-43.742778,-17.810833
-55.759766,-22.191773
-47.82347,-22.7795541
-55.527029,-24.134811
-55.810599,-24.500036
-53.08982,-10.773109
-41.483333,-12.6
-41.901837,-13.249817
-47.78582,-14.98656
-43.742436,-18.0234644
-40.407778,-10.943333
-42.925623,-16.72194
-55.42429,-13.390249
-56.727778,-13.311944
-54.973229,-10.202567
-56.483333,-12.983333
-45.44222222,-18.78777778
-41.316,-12.961
-49.7056,-24.2511
-50.479167,-30.258611
-52.698914,-30.508393
-51.687768,-30.080215
-49.249944,-24.250017
-51.712777,-29.916216
-54.100719,-29.348866
-41.833333,-13.216667
-45.2453,-18.2128
-48.166312,-15.819342
-42.9786,-16.6349
-47.657014,-17.903753
-44.559264,-18.352549
-47.273056,-20.164444
-46.691644,-18.979942
-47.498611,-13.973889
-42.496111,-14.16
-43.603056,-18.211111
-43.5,-12.716667
-41.2,-11.583333
-41.376389,-13.083056
-43.536454,-18.278998
-43.312,-17.08
-43.75,-18.1333333
-55.53333333,4.95
-48.079065,-1.07669
-52.2333,3.68333
-52.206198,4.5632
-51.2125,-0.0144
-60.137203,-2.77925
-46.613278,-1.281694
-52.532252,4.045789
-48.113981,-1.15102
-48.333333,-1.333333
-74.93333,5.88333
-64.24777,-10.75527
-60.025864,-2.454516
-60.22835,-2.87155
-70.34411111,0.591777778
-55.6125,2.810278
-76.247013,4.29314
-64.943333,-9.6058333
-66.5,6.3
-58.683333,-4.166667
-66.680998,0.279496
-61.010444,1.486694
-64.5133,4.0411
-58.9207721,-2.944841
-58.7667,7.31667
-48.539643,-22.755679
-67.55,5.45
-52.607,-9.731
-73.65,-7.483333
-72.613681,2.56722
-76.28,-6.27
-75.0831,-10.38
-83.1167,9.10183
-77.98,-1.5
-67.57,-15.58
-72.5014,-12.4472
-64.255128,-9.407414
-60,-7.25
-61.41416,4.69333
-68.693214,-10.87552
-68.75,-10.066667
-64.98333,6.35
-54.472434,4.812225
-54.330278,-2.56
-62.76,3.88
-54.873889,-3.935556
-61.586399,-0.837748
-59.25,-18.66666
-61.53333,-13.66666
-60.39972,-14.80388
-54.9153972,-9.0949088
-75.066667,6.916667
-59.5716667,-18.3280556
-60.81277,-13.89861
-61.260952,-14.509068
-46.336647,-14.817527
-45.919167,-15.408056
-57.516667,-7.583333
-52.1919444,-15.7838889
-47.225277,-12.814722
-46.032975,-20.658889
-44.712363,-15.606684
-88.967374,16.953071
-47.814472,-13.533399
-45.215077,-7.907511
-67.427438,-15.51753
-79.512474,21.909685
-48.106822,-0.865652
-64.526698,-9.298774
-57.52944,-18.098629
-46.542865,-18.53353
-47.964346,-23.484015
-39.177801,-7.237598
-61.058698,-14.49205
-48.663481,-17.654663
-46.652388,-10.570093
-46.291187,-20.724293
-36.758112,-8.991843
-56.037145,-13.62064
-42.648477,-12.018877
-54.670332,-20.51305
-54.939147,-3.127967
-63.094389,-0.225075
-60.666667,-0.083333
-71.841037,7.800758
-50.209448,-6.043622
-57.446985,-19.021492
-53.339821,-13.69631
-67.205475,3.661316
-71.067877,7.923104
-54,2.88
-39.833171,-10.718277
-62.08,7.07
-54.473899,-16.6231
-47.993333,-15.638055
-47.818889,-22.084722
-52.083762,-15.327654
-42.646559,-8.792667
-47.61,-10.62
-50.629167,-16.989722
-37.154169,-8.627
-52.500625,-14.654382
-62.1833,7.73333
-56.018907,-13.254149
-38.477722,-6.266533
-47.239444,-10.578889
-51.793598,-17.802106
-38.163889,-9.126111
-61.660278,-0.660278
-39.825833,-12.869167
-67.8230556,-14.6644444
-60.5166667,5.7
-63.4038889,7.1888889
-58.278672,-13.012702
-62.060225,-11.242733
-41.385,-12.462
-56.9466,-16.067494
-41.55,-12.516667
-41.298611,-13.684167
-35.754042,-7.061739
-41.766667,-12.75
-49.548675,-20.695188
-56.08333,-22.66666
-54.7597,-18.5069
-55.655237,-15.354457
-59.284928,4.785284
-58.6167,1.65
-59.9667,4.83333
-45.696566,-17.96304
-47.714667,-15.845927
-60.06666667,5.45
-64.372778,-8.659167
-65.51,4.55
-52.180716,-15.286299
-52.366667,2.883333
-65.9363889,5.7919444
-54.431668,-0.918121
-59.25,2.08333
-40.487184,-11.338049
-75.5819445,6.2697223
-62.790974,6.646263
-67.0833333,-15.5
-48.1666667,-15.55
-79,-4.00777
-55.1667,5.53333
-61.05,5.31666
-63.05,7.53333
-48.539744,-16.321144
-61.0288889,1.6255556
-47.96698,-23.577422
-43.529081,-18.180754
-35.467489,-7.621603
-39.39779,-7.353256
-79.6189,21.8706
-41.713831,-4.104647
-63.49423,-8.4941
-56.639259,-9.383073
-37.15,-8.555555
-45.311667,-15.345
-60.73333333,5.8
-61.156816,4.398443
-43.531352,-18.110902
-47.141945,-19.236
-39.717,-7.48227
-72.230084,7.833173
-62.69778,8.423703
-69.3011,9.6092
-61.116667,-13.233333
-49.055967,-22.486467
-67.348678,4.224528
-56.482222,-10.373889
-65.25,-10.733333
-63.41666,-17.68333
-63.53333,-17.45
-78.58333,-3.41666
-55.9833333,-22.6666667
-50.588889,-6.594444
-51.455833,-1.736944
-44.009133,-19.861324
-76.594928,3.158125
-49.596111,-19.422778
-48.863056,-15.907222
-75.2497,-10.9497
-62.103694,1.360611
-56.783333,-14.216667
-49.023017,-23.025545
-52.65,-0.666667
-53.357865,-17.19664
-54.696631,-17.507971
-54.483333,-19.219167
-61.75,3.75
-84.042,12.167
-49.166667,-12.516667
-45.453889,-11.878333
-40.490556,-12.318611
-72.160028,4.348688
-51.03333,-16.38333
-60.36527778,6.343194444
-60.63680556,5.686972222
-59.96312,-3.162612
-54.709954,-20.340597
-50.418457,-24.500579
-59.803611,-8.364004
-46.325746,-20.626913
-42.412365,-17.156857
-46.449444,-14.556667
-52.7,4.0917
-40.6,-11.416667
-58.216361,-9.864336
-55.536113,-11.025764
-41.666667,-13.4
-58.825403,-11.463674
-43.865913,-16.720792
-52.716667,-16.305556
-54.91666,-9.58333
-46.705824,-20.356027
-43.045191,-16.575165
-39.468056,-7.411667
-39.186944,-7.474722
-61.5609,-8.5748
-57.370217,-9.204875
-35.399444,-6.074722
-40.5,-13.5
-40.348056,-10.666389
-60.604019,3.153936
-50.69104,-11.146803
-51.261381,-11.645024
-56.06469,-10.258125
-56.383333,-10.75
-55.942285,-14.320767
-56.417308,-12.376519
-56.270783,-12.451177
-56.33,-13.46
-56.54,-13.766666
-59.3,-10.316667
-54.833333,-14.816667
-47.144009,-20.53058
-52.078611,-17.97
-48.768026,-15.842324
-52.9375,-17.756389
-48.563921,-15.687956
-50.314749,-22.55194
-52.081671,-12.624001
-52.403381,-12.68387
-63.55,6.36
-72.277109,-12.673944
-47.7,-9.7
-72.7552778,5.0186111
-49.730601,-22.722271
-56.252778,-15.75
-55.7875,-20.471667
-50.2975,-6.015278
-48.438483,-18.888321
-48.533334,-17.8
-48.383333,-13.95
-47.545,-16.8136111
-76.507306,-6.42434
-35.712294,-6.965073
-59.919056,-14.489667
-55.598055,-10.96924
-75.71666,7.11666
-41.812222,-13.970833
-60.1301587,-3.1852354
-39.317469,-7.353366
-42.551111,-14.695
-65.8333,4.41667
-61.11666,5.16666
-48.8919,-15.7061
-62.934528,-0.969034
-41.8325,-13.131111
-58.36666667,2.333333333
-67.33,5.8
-61.67,5.63
-41.7703,-12.4186
-54.975402,-8.976937
-61.58333,4.5
-61.35,5.77
-43.539044,-19.292779
-42.816667,-16.533333
-55.944934,-2.994345
-43.925669,-18.584502
-50.441667,-16.321944
-36.475833,-9.098056
-50.148753,-6.064921
-42.45,-16.25
-43.857064,-16.956734
-54.133333,-10.45
-59.0666,4.08332
-63.9166667,6.1333333
-75.4583333,-9.9083333
-51.5,-11.5
-58.8242,4.63528
-54.23,2.75
-60.08333,2.31666
-65.6667,3.41667
-72.83333,9.1
-61.16666,5.32
-59.727778,-2.407222
-60.162583,-2.576472
-65.451944,-9.634444
-64.451944,-9.634444
-59.983124,-3.033857
-61.003765,3.446754
-63.7575,6.36
-63.116667,-9.166667
-78.9633611,-4.11025
-75.05,-10.5
-75.2803,-9.9197
-60.745,2.836944
-60.655801,2.903905
-47.740774,-21.568279
-48.623349,-23.135668
-55.398335,-7.094598
-63.3753,6.3517
-48.27,-10.08
-47.446389,-10.651111
-48,-16.03
-47.792477,-15.806102
-61.096734,1.689186
-46.450723,-20.178945
-63.940409,-8.836115
-44.40354,-19.260086
-52.924757,-18.651313
-61.111917,3.511805
-54.498604,-20.910855
-53.114246,-0.524903
-44.477803,-6.410516
-59.412584,-11.949629
-48.625,-17.7417
-47.899444,-15.661111
-47.6,-21.633333
-61.4753,-8.5344
-61.252309,-5.802174
-59.35,3.66667
-56.525433,-14.253493
-43.478109,-18.036992
-50.31723,-22.638882
-47.698858,-19.134813
-48.016667,-15.916667
-65.18911,7.413862
-63.391789,7.466954
-58.7042,5.19417
-59.8333,4.96667
-60.3,6.18333
-59.08,5.3
-36.575833,-9.518611
-61.322118,7.391248
-56.449,-1.69426
-65.8,4.5
-52.36666667,4.3
-60.093611,-2.383333
-59.096951,-2.900819
-70.2339,1.20659
-66.85,3.25
-56.339316,-1.594947
-66.95,2
-64.3333,-12.4333
-69.185313,0.612095
-64.3667,4.05
-59.94,-12.42
-60.830015,-4.274491
-64.526667,-9.132778
-63.457689,-8.751811
-73.4123,-3.79253
-61.980556,-10.006944
-66.25,-11.03
-61.7425,1.2822
-61.11628,1.841399
-61.2709,-5.0126
-60.9794,-1.345
-60.656389,1.384444
-61.104167,-4.903611
-52.916667,-0.916667
-52.02,4.03
-53.25,3.66
-61.16,5
-64.82885,7.623698
-59.85,-2.383333
-68.6567,-9.0658
-51.7671061,0.6108454
-57.165527,-1.150785
-58.85,4
-49.7136,-3.9565
-59.917827,-2.04264
-61.25,-1.75
-52.06666,1.05
-76.08,-0.87
-83.67707,9.889808
-78.517062,-5.632102
-76.262426,-9.95186
-76.117969,-5.896985
-71.429458,7.177449
-51.930282,-3.123221
-37.272575,-9.762544
-58.97361111,2.911111111
-67.987208,-11.472853
-65.666243,-16.711046
-55.11666667,4.88333333
-60.878849,1.2972629
-64.9332,7.01388
-56.133935,4.677366
-35.46,-7.74
-63.78333,6.05
-51.986389,-18.547778
-51.81666667,-17.0566
-69.083067,9.682245
-44.960472,-8.876361
-55.003507,-19.435544
-44.313333,-18.691667
-48.330247,-22.718336
-44.863039,-18.307309
-49.388889,-22.670556
-65.33333,4.96666
-49.157276,-22.430413
-40.318333,-10.543333
-52.636044,-21.797473
-48.980458,-22.469702
-61.689352,3.387506
-72.48333,10
-64.2333333,6.7
-68.2,-13.6666667
-45.588611,-11.163333
-55.679706,-10.81943
-46.983322,-22.616482
-88.486488,16.366911
-43.641138,-19.444871
-51.733333,-17.083333
-51.666667,-17.983333
-61.86611,-16.59611
-54.56911,-18.130999
-47.824675,-14.174667
-47.938333,-19.375
-48.631667,-18.657222
-60.75422,3.29104
-51.783215,-20.742982
-61.25,-13.544444
-47.071557,-21.771873
-66.5,-14.5
-46.956794,-21.603138
-56.237683,-15.374414
-70.45959,8.522995
-46.166667,-16.35
-36.392222,-8.2075
-46.904722,-18.970556
-47.529472,-11.147083
-48.088123,-16.009153
-52.425824,-21.686624
-47.905833,-14.235278
-46.4688,-10.5698
-49.014262,-22.343709
-60.73,5.1
-50.5,-10.416667
-51.111901,0.125904
-54.891666,-19.620277
-55.333333,-17.833333
-63.333333,0.816667
-47.616667,-9.416667
-60.6167,6.06667
-48.987748,-8.533265
-48.085695,-21.712218
-48.514385,-10.694418
-43.576563,-19.379224
-49.783333,-20.483333
-56.281322,-4.420399
-51.578889,-17.075556
-43.928611,-17.9825
-39.289651,-7.596272
-40.260833,-10.432222
-54.216667,-10.433333
-58.366115,-10.360046
-48.526111,-23.301944
-49.360382,-24.21272
-51.714444,-17.881389
-49.178426,-22.784884
-63.31,6.36
-61.3667,5.05
-56.95,-10.033333
-48.038045,-22.26488
-47.288889,-21.469444
-67.1667,6.4
-46.283333,-13.833333
-46.071388,-11.438888
-45.783333,-15.15
-66.744021,10.013791
-60.376077,-3.858446
-68.4514,-15.0103
-67.6608333,-14.6258334
-73.29447,-4.314206
-73.334364,-3.627688
-43.941559,-16.67449
-48.383889,-16.460556
-47.70192,-14.1167
-60.625464,-2.617747
-47.806111,-16.454722
-47.623044,-14.040967
-47.666667,-16.75
-43.883056,-18.309722
-48.25,-13.85
-64.759028,-3.4496
-49.8258036,-0.9555302
-59.440202,-1.245011
-57.3154163,-0.2000522
-60.541042,1.708787
-51.316667,3.6
-61.86407,-10.817975
-64.779611,-7.241112
-50.561847,-17.541506
-58.241031,-2.791802
-50.185169,-5.592107
-54.75,-8.75
-52.88333,-5.23333
-65.17725,-8.025306
-56.45,1.7
-52.006156,0.888727
-56.384887,-1.667384
-55.333333,-11.916667
-60.221731,-4.271036
-61.9891,-5.31237
-59.583333,-2.016667
-59.321524,-11.817083
-63.992222,-8.973056
-54.9395,-9.272111
-70.5061111,-9.4894444
-60.534111,-2.660556
-63.730299,-8.137223
-61,1.28
-65.15,-10.933333
-59.5821,-2.56028
-52.378662,-11.749486
-59.785556,-2.441667
-63.974945,-8.448422
-59.251207,-1.804192
-67.85,-14.15
-55.501667,-11.836667
-57.91666,-4.75
-60.058617,-3.010999
-59.961932,-15.014226
-55.2175,-10.889444
-55.594167,-11.873056
-51.861866,-2.562258
-55.779167,-11.709167
-50.053815,-6.074133
-58.413217,-15.065209
-60.037345,-12.513322
-54.902012,-3.445317
-55.0967,-13.0112
-65.066667,-10.95
-60.299722,-12.78
-60.1220584,-1.8344891
-61.2977457,-4.7243162
-57.833333,-4.583333
-67.67,3.92
-64.8167,4.98333
-65.1833,2.5
-67.0667,1.93333
-76.4333333,-0.85
-91.964524,16.287793
-76.48,-0.68
-54.928611,-3.052778
-78.66666,-4.3
-89.140056,15.402544
-52.34,3.17
-51.392222,-1.766667
-77,-0.4166667
-77.5666667,-0.7166667
-63.05,3.416667
-72.70611,5.29416
-47.123889,-12.621944
-54.422299,-20.162859
-43.388915,-17.931261
-43.804645,-19.694362
-46.372728,-20.251208
-44.227778,-17.911389
-46.930614,-20.925297
-54.875,-18.204917
-44.4308,-18.7564
-41.3,-13.583333
-42,-13.516667
-44.195774,-17.853814
-47.65,-16.033333
-47.67,-15.67
-48.63722,-14.822109
-38.44,-9.983056
-47.340471,-16.475753
-55.831417,-15.407306
-47.864404,-15.763425
-47.7019,-11.6938
-48.16112,-16.24834
-52.983889,-18.687222
-47.933333,-15.883333
-48.707018,-17.811778
-58.1,-14.333333
-43.654547,-19.357252
-46.485463,-20.722786
-48.6,-13.8
-46.840782,-11.615405
-44.97,-4.43
-57.25469,-14.759703
-55.436389,-11.030556
-50.116667,-15.9
-56.202364,-15.58664
-46.667222,-13.028333
-49.934444,-6.333056
-48.616667,-3.416667
-54.695464,-19.388505
-49.247433,-8.366426
-49.134011,-5.416365
-48.4425,-15.200556
-50.342778,-8.8587222
-59.098236,-10.26278
-48.355,-13.839722
-47.34333,-16.22111
-44.299167,-14.704444
-59.0667,4.15
-61.416667,2.9
-48.880093,-16.340099
-46.017882,-19.732069
-52.009,-15.845
-64.644248,3.033507
-71.4922,4.658539
-64.25,2.7
-44.009513,-16.872649
-43.413677,-4.891503
-60.5333,4.63333
-50.071538,-8.047616
-47.243333,-7.857778
-47.750278,-6.764722
-49.259167,-16.844444
-48.135278,-13.395278
-57.5833,5.6
-45.22914,-19.742911
-47.454167,-13.71175
-48.481869,-16.098532
-55,-14.966667
-55.067,-14.75
-55.533333,-1.583333
-48.36667,-14.16667
-54.583333,-9.583333
-59.904816,-2.434182
-60.014059,-2.192849
-76.366667,-0.833333
-76.966667,-3.966667
-63.328,-0.837
-65.13077,-0.2091
-68.7,-3.46666
-63.3745909,0.9016571
-63.547508,-7.494453
-59.86086,-2.729708
-55.219722,-9.332
-61.811111,-1.951944
-70.632789,18.881763
-74.5806,-9.4697
-65.862833,3.150051
-76.3161,6.4722
-73.75,-4.92
-63.585004,-0.613313
-65.5667,2.16667
-52.2681,-13.5522
-73.73,-7.5
-65.9667,2.78333
-63.3703,-7.96072
-71.3642,-12.9047
-75.05,-10.71
-73.5833,-4.48333
-73.67,-4.9
-72.2908,-12.7636
-72.149385,10.311331
-72.55,-12.37
-55.955086,2.212175
-55.75,-2.33
-63.166667,-7.3166667
-67.038988,9.954959
-60.750687,2.251704
-63.857639,-7.890611
-51.12,-7.78
-63.166667,-7.5
-64.5833,3.81667
-62,-16.42
-61.7482,5.64141
-63.12,7.58
-68.05,8.95
-60.705304,2.959071
-56.436734,-14.409066
-49.230143,-1.514421
-60.891583,3.46903
-62,7.26667
-64.392359,-6.521665
-68.6828,-14.6153
-67.7887,-12.9276
-60.72,-13.98
-74.689825,-11.259752
-46.44632,-20.243077
-44.039747,-19.000677
-46.924944,-22.302671
-51.128424,-29.761694
-55.576133,-27.284296
-55.058685,-25.573208
-53.663514,-26.258309
-43.68525,-19.181342
-43.781061,-18.290703
-42.497976,-14.239482
-48.192945,-15.974897
-46.653611,-20.434444
-43.869909,-19.52849
-47.946567,-22.519997
-47.854722,-21.227222
-47.607153,-21.928348
-55.272005,-23.991534
-55.618629,-24.247149
-54.718387,-25.504575
-54.544438,-25.621809
-48.035633,-15.561252
-53.1725,-13.026111
-43.666175,-19.813258
-41.891667,-13.014444
-59.830217,-13.479054
-41.884722,-13.370556
-49.4619,-19.2816
-47.687824,-22.24218
-42.4656,-16.9519
-43.768291,-18.808636
-51.833051,-30.848876
-50.15235,-24.33498
-52.431899,-31.815694
-55.465492,-30.816213
-49.632544,-24.32639
-51.224302,-29.70263
-48.01666,-21.96666
-41.276023,-13.253351
-43.886396,-17.402817
-48.95,-15.88
-44.006663,-19.587923
-47.219578,-20.07652
-44.4564,-18.3808
-47.631321,-14.161744
-46.561372,-20.169628
-47.246751,-21.303793
-48.034444,-19.674444
-43.603638,-19.31615
-48.083607,-15.927202
-49.5,-15.833333
-47.51865,-14.3403
-44.357161,-18.464977
-43.7215,-18.4293
-43.705,-18.182222
-50.444841,-1.642148
-52.533333,2.95
-44.406229,-2.383606
-59.323837,-2.942443
-59.25326,-2.952711
-48.499306,-4.23423
-61.72994,-5.122326
-62,-0.083333
-55.972881,-4.250702
-48.162018,-22.814349
-48.430153,-1.131146
-59.296546,0.854784
-67.4333,2.91667
-71.29575,1.01264
-58.965,1.33278
-55.559167,2.765
-56.941621,-1.2067814
-66.7,4.11667
-69.45,-13.2666667
-55.183333,5.416667
-57.75,-3.383333
-59.566667,3.333333
-52.5769,-1.1819
-66.2275,1.57194
-56.833333,-1.416667
-75.1667,-10.1667
-68.753006,0.345391
-62.76666,0.30138
-59.6838927,-2.69289
-60.029715,-3.097687
-51.736895,-0.182001
-66.8167,1.23333
-59.966667,-0.416667
-61.510314,-0.582163
-58.066667,-3.8
-71.95,7.167
-60.898097,-12.539156
-71.775,7.792
-69.28,-12.83
-75.3297,-10.41
-48.383333,-13.466667
-57.2167,5.26667
-51.09995,-6.86868
-66.76,6.55
-51.770058,3.73295
-66.84559,-2.774801
-57.216667,-0.883333
-67.58333,-15.91666
-66.14166,5.68333
-76.641126,5.694912
-65.044167,-9.542778
-64.810681,-9.156481
-67.616805,-8.294745
-58.6392,6.392619
-63.218995,-11.900484
-46.379602,-20.879344
-49,-22
-61.81333,-16.76861
-78.83333,-4.91666
-53.416766,-13.018486
-68.7,-12.5666667
-63.68472,-17.45138
-42.353889,-13.974722
-63.00046,-8.00035
-48.903855,-15.043613
-47.677574,-18.046231
-88.448289,16.784325
-51.595106,0.926847
-45.857564,-15.233974
-48.060458,-22.752446
-60.244452,-12.719034
-60.822026,-13.16987
-60.163278,4.609399
-48.407655,-22.943443
-79.084537,-5.005
-67.942452,-15.539926
-48.192037,-1.982076
-45.868208,-20.488592
-48.424447,-17.784788
-48.178951,-16.322827
-44.299369,-19.333336
-48.902735,-22.49901
-56.496145,-1.353757
-60.823376,2.831614
-54.03618,3.648357
-68.498309,10.185334
-72.405259,10.194192
-53.75,3.41667
-66.38,6.15
-48.516667,-17.9
-71.698287,8.006724
-46.677362,-19.172913
-46.684036,-19.091707
-44.267222,-18.109722
-56.48249816,-14.51360034
-56.63333,-15.1
-57.6,-15.2
-77.131004,7.801617
-59.931389,-14.676944
-46.7925,-20.331389
-47.75,-8.566667
-60.997222,1.402222
-54.967428,-9.333985
-58.811922,-0.377463
-48.079722,-13.770278
-63.728056,-18.195
-40.508889,-11.171111
-51.4025,-0.0922
-44.483056,-12.194167
-72.48888,-12.61666
-65.95,3.1
-48.954194,-1.625278
-67.8166667,6.9666667
-66.5666667,3.6
-60.2833,5.7
-59.4167,3.06667
-57.666667,5.55
-50.214384,-24.636041
-61.023598,2.151083
-38.931806,-4.218056
-42.234722,-11.8075
-56.787066,-19.64811
-50.341694,-9.36449
-54.741326,-16.669307
-41.166667,-12.683333
-41.2375,-12.905
-41.866667,-13.45
-55.461591,-15.357045
-43.227239,-16.409763
-49.575271,-15.139575
-57.6083333,-19.2591667
-59.673187,-15.099987
-71.1,6.2780556
-59.554682,-6.833333
-62.26666,5.91666
-61.666667,3.833333
-61.61,5.41
-61.1,4.88333
-50.0002167,-14.0004167
-47.74068,-16.75
-52.143611,-14.846389
-70.739353,18.889615
-62.13,-16.08
-67.833333,-15.5
-67.25,-12.16666
-49.728511,-20.549136
-48.99564,-15.822284
-79.13333,-3.15
-48.2017,-17.4636
-55.533108,-20.474371
-68.2,-15.41666
-60.085556,-18.115278
-55.784444,-10.897778
-89.0158,16.8791
-65.73333,3.73333
-48.751667,-23.546111
-48.35,-9.75
-64.345278,-9.421944
-51.832289,-3.844178
-48.962667,-0.996067
-70.02,9.6
-72.62,4.2969444
-95.079789,17.138548
-56.0967,-15.5961
-50.171528,-16.06675
-50.26917,-16.090556
-67.552715,5.630227
-59.7856,-13.6633
-37.583333,-8.725833
-67.16666,-15.5
-47.266667,-19.333333
-48.15,-22.233333
-46.9424,-22.3724
-39.898333,-12.756667
-40.466667,-11.265833
-42.143333,-11.828889
-45.406944,-15.4075
-50.424444,-10.396944
-43.341389,-18.0925
-72.21347,-12.71847
-56.14625,3.79508
-71.7053,7.8336
-48.129227,-19.152134
-56.406975,-10.387908
-46.289722,-13.612222
-75.545658,5.917074
-60.786111,-2.548056
-59.246539,-15.321844
-85.4917,12.12
-63.62,-18.1175
-63.675,-18.1555556
-63.5966666,-17.4030556
-40.30001,-5.649982
-60.88333,-13.65
-49.673361,-11.540833
-48.147222,-8.364444
-52.708142,-0.927967
-36,-8.405
-50.7903,1.745054
-53.183333,-9.883333
-60.8,-13.65
-53.1736111,-19.0002778
-47.966667,-15.8
-49.80099,-1.797473
-59.867393,-13.34761
-53.897813,-19.010834
-57.024469,-19.243298
-52.955417,-18.920444
-54.9694447,-8.7294447
-52.3531,-14.6733
-52.91,5.05
-74.1,2.33333
-48.961841,-17.723165
-49.3794,-20.8197
-48.039351,-19.085904
-46.661742,-20.269152
-56.182958,1.093362
-69.201811,9.884019
-58.3,-14.383333
-48.301944,-10.418889
-48.099444,-10.451667
-46.58,-14.521667
-98.057762,20.203217
-53.2166667,-17.3
-54.8833333,-18.9166667
-52.772021,-17.549061
-50.149864,-14.34845
-60.310682,-14.261345
-51.4166667,-18.7
-50.640833,-1.828889
-76.580975,3.379432
-43.950833,-19.100833
-45.24722,-6.878611
-56.778011,-9.332036
-67.71666,-16.15
-67.61666,-12.45
-48.523917,-23.04875
-41.766662,-13.188433
-48.964444,-23.185
-49.184444,-24.071111
-54.53,-9.38
-56.977052,-14.257745
-56.45,-14.333333
-56.364167,-12.623611
-56.427778,-12.599167
-56.29,-13.51
-59.772208,-12.249518
-51.159444,-17.174722
-52.140833,-18.544167
-49.119181,-22.89074
-43.8897018432617,-19.6271991729736
-45.918722,-20.827716
-46.991193,-21.007436
-60.166667,-12.75
-67.85,5.33333
-45.61159,-20.315804
-49.279193,-14.889585
-61.88,8.03
-67.8,5.23
-58.966667,-4.116667
-42.3225,-13.711667
-43.690556,-18.331667
-49.561944,-19.273
-42.576944,-14.757778
-43.445578,-16.490719
-41.018056,-11.671667
-41.234167,-13.397778
-41.266667,-12.466667
-42.2075,-13.993056
-46.082884,-17.944405
-66.098861,5.624376
-41.3897,-12.5633
-42.808333,-15.22
-41.216667,-10.35
-60.21422222,5.601194444
-43.985178,-18.290473
-41.288889,-12.241111
-61.36667,4.65
-41.364722,-10.448056
-63.68555,5.73444
-48.963889,-15.717778
-67.63,3.8
-43.775363,-18.978763
-75.32888,-10.19472
-60.850244,1.420803
-61.032775,1.804189
-52.693881,5.072174
-72.48,9.3
-55.753889,-10.980278
-68.303056,-10.564444
-57.883333,-3.833333
-58.84373,-3.073772
-63.38333,6.43333
-59.58333,3.41666
-63.13333,0.8
-60.682383,-3.734353
-60.042,-2.752459
-60.3608,-2.2761
-61.783333,-1.4
-65.22,2.87
-70.8,-13.28333
-45.071944,-11.044167
-52.23,-14.63
-76.554562,3.465575
-48.297222,-22.8
-60.386053,-12.525622
-45.283123,-19.687418
-47.4397,-19.8656
-48.748004,-22.819429
-48.466667,-15.266667
-59.942609,3.314355
-72.3403,-12.6403
-59.9167,4.66667
-55.72629,-15.302776
-45.006792,-17.400622
-61.23,4.92
-48.79491,-22.596629
-55.423006,-15.834635
-63,7.75
-47.5,-14.116667
-56.129534,2.024871
-58.083333,-13.333333
-54.615354,-20.413207
-47.826229,-22.247868
-55.987256,-22.50657
-46.912473,-20.135505
-47.94,-15.738056
-47.843599,-21.964232
-55.0594,-3.39691
-56.917593,-10.934298
-56.225012,-14.573109
-56.18,-12.36
-56.254,-12.3557
-55.228042,-15.404145
-55.1,-15.116667
-48.118889,-13.468333
-67.6403,5.66389
-61.5,5.8
-58.7442,4.58667
-60.959567,-3.356944
-58.6289,5.0325
-39.183333,-17.516667
-58,5.66667
-58.75,5.33333
-40.215556,-12.915278
-39.05,-16.433333
-65.393,-10.7981
-59.056933,-6.794219
-55.9222,0.433352
-62.660088,-10.293751
-68.947147,-3.475463
-61.4978,-14.5431
-66.999755,-0.075666
-67.046046,-0.134536
-65.083333,-10.716667
-60.833333,-14.616667
-59.366947,-2.873795
-67.1333,5.55
-67.179775,0.937796
-57.6667,-4.41667
-68.158054,-16.477036
-67.399204,-8.728669
-65.371241,-9.706585
-67.441111,-8.451111
-59.017,-10.3
-63.05,4.05
-75.2261,-10.1403
-68.223337,-15.308996
-77.910138,-5.917844
-71.720964,-12.040978
-65.55,3.16667
-61.2415,1.03834
-54.917757,-2.879478
-52.0408,3.59028
-52.166667,4.333333
-58.85,1.4
-59.95,5.45
-70.764652,-8.282366
-54.96,5.45
-63.13,6.53
-51.776652,-3.129809
-49.633333,-3.966667
-47.524856,-1.506299
-51.799972,-0.133313
-56.0147,-2.240779
-76.18,0.02
-74.75,7.02
-73.049722,-8.235833
-73.0115,-7.4017
-72.7615,-7.3993
-73.917272,2.958443
-72.395806,-0.602343
-73.037315,2.545881
-54.100054,-1.78337
-52.233333,-1.733333
-54.937392,-2.660911
-62.6333,8.05
-59.645,4.196666667
-36.337778,-10.063056
-61.736,0.423
-53.3664,2.81639
-73.26004,-3.760634
-64.7625,6.36527
-61.176023,7.45769
-63.360811,6.823297
-65.8,10.15
-35.329468,-7.62104
-45.365734,-19.552436
-45.988889,-15.255
-50.07454,-20.411124
-55.449404,-23.976577
-66.5,6.91666
-68.2,-13.76666
-73.14944,-12.81638
-52.133333,-20.916667
-46.903778,-20.290639
-48.0131,-16.7171
-46.457972,-20.488639
-67.6166667,5.6
-44.145792,-19.46167
-43.958831,-7.674803
-55.883333,-12.916667
-47.25,-22.25
-51.893948,-13.07392
-44.36637,-19.322179
-48.063322,-19.434759
-51.166667,-18.1
-61.00472,-14.73861
-84.761395,9.994319
-43.960428,-19.461871
-55.034894,-15.980445
-44.708752,-17.645398
-56.624232,-20.809443
-74.88206,4.552896
-68.83333,-13.01666
-59.1677,4.68456
-60.0333,4.8
-52.282736,-14.87219
-52.202718,-15.379013
-52.373814,-15.441082
-51.8,-17.15
-51.77,-17.25
-60.67,-14.67
-63.49,6.65
-48.21666,-10.31666
-96.743829,17.120132
-54.6356,-16.4708
-42.877778,-16.44
-51.559918,-20.450229
-48.134885,-19.085641
-47.633333,-15.233333
-44.564403,-7.78368
-55.179722,-18.666944
-50.91666,2.25
-47.392364,-13.902642
-49.234707,-22.834037
-47.823333,-13.678611
-48.894444,-15.792222
-47.520582,-13.887739
-72.909231,4.106537
-42.819167,-15.968333
-54.8916666,-17.6202778
-52.1583,-14.0503
-49.25321,-16.643143
-67.793073,-10.03756
-61.115582,4.588969
-72.69611,-12.8475
-57.570111,-19.206389
-50.4775,-22.619167
-48.63902,-23.049047
-51.8825,-17.2875
-89.062835,15.285694
-63.249851,-17.769822
-72.38333,7.71666
-54.708056,-2.443333
-49.016667,-14.366667
-63.5,6.75
-73.279521,-3.698109
-77.6666667,-3.8333333
-74.1666666667,-3.8333333333
-47.387628,-14.474406
-48.46124,-14.601021
-49.756111,-14.471388
-49.608889,-16.423611
-49.275147,-14.402946
-47.45,-15.5833333
-46.944367,-12.936789
-52.108928,-11.170361
-47.484444,-15.836667
-48.693344,-15.825025
-48.266667,-13.65
-60.01901,-2.884265
-61,-1.28
-49.4267,-15.2981
-50.466667,-5.983333
-55.92111,-1.30583
-55.490278,2.792222
-55.73875,-1.584068
-57.133333,-1
-67.874433,-9.955876
-50.9281,-17.7983
-67.627678,-10.07254
-54.82503,-9.268576
-60.908304,2.472619
-65.229848,-9.722907
-50.585202,-6.0323
-68.386188,-9.434849
-46.058225,-5.761451
-60.155564,-1.697808
-60.866667,-3.225925
-63.1941,0.5013
-59.783382,-2.716708
-59.001999,-3.146296
-60.035511,-2.534756
-61.021303,-1.804253
-61.2684131,-4.6587688
-59.833333,-2.516667
-59.9666667,2.8833333
-78.8531,-5.1044
-55.114583,-11.554264
-59.985833,-2.388889
-59.5,-1.5
-59.6854736,-2.3153702
-55.329401,-11.043418
-55.446667,-11.246389
-55.711667,-11.054444
-59.581346,-4.402388
-55.455,-11.365556
-66.3,3.416667
-55.25,-13.166667
-61.185369,-5.542539
-55.458333,-12.148056
-64.195556,-9.162222
-65.0191,-0.4141
-55.409639,-11.572306
-55.263194,-11.609778
-69.08,-11.2
-66.8333,5.58333
-53.2,3.58
-62.5333,5.68333
-75.90486,1.68258
-83.658623,9.476629
-70.01666,9.03333
-71.46666,7.68333
-71.019846,7.46777
-65.341909,-4.857338
-53.5,1.5
-52.63,2.45
-77.66666,-0.71666
-60.34197222,6.456166667
-88.310036,17.106657
-76.38333,-0.51666
-62.083333,-1.016667
-72.33333,11.01666
-71.69222,5.19611
-47.666667,-15.916667
-48.161171,-17.745856
-46.517222,-11.6025
-43.505872,-19.227045
-59.421389,-14.414167
-48.178333,-14.475556
-48.876944,-14.554444
-41.75,-13.25
-54.07265,-19.530891
-51.882973,-17.134416
-49.469289,-16.346758
-59.5,-16.03
-53.801939,-19.836138
-47.916667,-18.163056
-49.224866,-16.526109
-48.5614,-18.1425
-42.416667,-13.75
-46.4,-20.55
-57.53,-17.87
-38.35,-10.066667
-43.081389,-17.472778
-52.212339,-3.1962
-50.0003667,-6.00085
-47.35,-6.183333
-50.353056,-6.371944
-56.339071,-15.752964
-48.184796,-7.232174
-47.185,-15.3525
-48.644687,-15.377743
-51.267,-15.867
-50.171389,-6.155833
-57.632939,-16.049083
-46.79224,-18.174892
-44.205271,-19.496456
-67.339367,0.324267
-48.4597,-14.4739
-47.5,-14.5
-62.9667,7.23333
-44.282103,-19.485858
-49.218889,-14.476389
-45.82373,-20.593465
-46.580213,-19.493337
-48.522673,-16.798765
-48.7,-17.716667
-59.583333,4.183333
-47.7896,-18.0134
-47.65,-17.533333
-43.531389,-17.970278
-48.07155,-17.960408
-43.3,-16.416667
-48,-17.2
-47.280554,-21.209498
-48.537322,-16.048026
-62.8,6.7583
-57.5333,5.71667
-48.1,-15.55
-52.246,-15.851
-47.323889,-16.050556
-49.128424,-16.683962
-49.43874,-16.470744
-49.468387,-16.765701
-46.25,-19.15
-59.3667,2.31667
-56.306275,-14.419166
-48.0625,-13.526667
-65.1833,7.33333
-72.898611,9.591667
-76.958226,3.876273
-51.866667,-11.2
-63.476336,-8.037357
-59.264634,-12.069507
-56.977745,-10.327065
-75.6,-9.07
-59.8461,4.71
-78.32,-4.92
-71.9256,-9.2383
-58.3223,3.40214
-75.860616,4.709374
-92.036697,17.528443
-74.93,-10.28
-76.87,-0.73
-68.82,10.43
-67.25,5.58
-78.6703,-5.2714
-78.9025,-5.01194
-78.3486,-6.10916
-56.048239,-4.281376
-52.7333,3.81667
-67.0333,3.86667
-63.2074,-7.39511
-59.3,2.45
-67.581784,5.719139
-64.989136,-3.495164
-49.001064,-5.191567
-57.2853,5.18917
-63.1875658,-7.5925367
-61.318957,6.267746
-60.883003,3.869545
-60.666667,2.833333
-60.2594,-14.8533
-56.325833,-10.52
-66.25,7.6
-54.069167,-2.008056
-67.6534,-12.8544
-72.1833,-12.4167
-65.7211,3.14667
-63.122331,-7.575321
-63.776278,-7.706722
-64.856559,-10.607747
-60.251913,-14.629141
-75.3497,-11.1399
-72.3,-12.3167
-43.416667,-19.416667
-50.397979,-22.610263
-49.80112,-29.357516
-49.86659,-24.333692
-48.375,-22.875
-48.5,-22.875
-55.547092,-30.861319
-55.14995,-24.986746
-55.924658,-25.060996
-55.533333,-26.116667
-54.741037,-24.229935
-57.007528,-25.228728
-43.684029,-19.498295
-43.77326,-19.412032
-43.471531,-19.12319
-43.785327,-18.900886
-41.335278,-12.077222
-46.229301,-20.603353
-48.074688,-15.815984
-41.506944,-12.723889
-41.416667,-13.666667
-46.961334,-19.615301
-46.767222,-20.4425
-48.166667,-15.916667
-47.944616,-15.96476
-46.056718,-20.918066
-54.583159,-25.367421
-50.517454,-22.701694
-48.43409,-22.82412
-48.746389,-21.548889
-54.6316,-25.421194
-46.800039,-18.668899
-47.790979,-15.677363
-47.5167,-14.2071
-56.1,-12.283333
-43.96858,-18.637468
-50.259164,-24.563037
-49.4633,-24.1131
-50.008056,-24.426111
-49.34298,-24.129261
-54.005,-29.687778
-51.0225,-30.070278
-51.3856695,-29.885741
-51.109109,-29.681882
-43.693889,-18.261389
-41.966667,-13.283333
-47.0981,-20.7844
-43.5717,-17.8881
-46.662545,-20.152402
-44.078653,-19.860391
-41.858056,-13.303056
-47.509516,-14.422521
-47.8275,-15.3675
-56.916667,-14.233333
-44.564375,-18.8116
-41.306667,-13.454167
-41.944175,-13.682439
-43.798291,-19.593139
-43.7,-19.052
-77.732367,-0.895407
-56.9911909,-0.9808896
-59.928125,-2.785349
-53.066667,3.25
-51.855384,3.817241
-52.343474,4.831474
-55.049336,-3.136528
-53.27757,4.823331
-56.455556,-2.428056
-48.03506,-0.752669
-69.0786111,-12.6125
-55.2667,5.31667
-67.5667,4.9
-45.638333,-21.166389
-60.77748,2.561977
-61.55,4.66666
-56.96666,-1.41666
-53.56,5.45
-51.983611,-14.751111
-56.918056,-13.411389
-41.063889,-13.961111
-60.095707,-2.640696
-61.367662,0.970788
-62.53767,-0.24781
-52.532599,-13.282713
-59.939968,-2.855466
-56.624368,-13.324922
-58.515862,4.267237
-56.310776,-12.586848
-67.13,6.25
-54.876111,-2.536667
-66.13,0.83
-58.17328,-2.714636
-83.78,10.5
-70.558,8.483
-70.642,8.55
-71.3,4.58
-74.92,-10.75
-68.67,-13.57
-77.9162,-1.60919
-63.575,2.742
-61.156049,1.290631
-60.509648,0.989343
-64.417327,-9.24255
-60.666667,-7.583333
-59.457779,-10.16716
-57.873333,-9.698333
-61.14638,-14.38916
-51.791661,3.828911
-76.5622,3.217128
-68.957894,-10.948677
-69.087883,-11.60311
-68.387159,-10.697691
-50.05068,-7.757667
-61.63,4.38
-56.054228,-4.40134
-56.2,4.71667
-60.975222,1.5765
-56.328333,-4.611389
-68.2166667,-11.25
-60.206099,8.339756
-58.15,5.97
